<?xml version="1.0" encoding="UTF-8"?>
<beans xmlns="http://www.springframework.org/schema/beans"
	xmlns:xsi="http://www.w3.org/2001/XMLSchema-instance" xmlns:context="http://www.springframework.org/schema/context"
	xmlns:p="http://www.springframework.org/schema/p" xmlns:tx="http://www.springframework.org/schema/tx"
	xsi:schemaLocation="http://www.springframework.org/schema/beans http://www.springframework.org/schema/beans/spring-beans-3.2.xsd
		http://www.springframework.org/schema/context http://www.springframework.org/schema/context/spring-context-3.2.xsd
		http://www.springframework.org/schema/tx http://www.springframework.org/schema/tx/spring-tx-3.2.xsd">

	<!-- supply loc -->
	<context:property-placeholder location="classpath:/database.properties" />


	<!-- DS bean -->
	<bean id="dataSource" class="org.apache.commons.dbcp.BasicDataSource"
		p:driverClassName="${jdbc.driver}" p:url="${jdbc.url}" p:username="${jdbc.username}"
		p:password="${jdbc.password}" p:initialSize="1" p:maxActive="2"
		destroy-method="close">
	</bean>


	<!-- configure Hibernate 4 specific local session factory bean -->
	<bean id="sessionFactory"
		class="org.springframework.orm.hibernate4.LocalSessionFactoryBean"
		p:packagesToScan="com.cybage" p:dataSource-ref="dataSource">
		<property name="hibernateProperties">
			<value>
				hibernate.dialect=org.hibernate.dialect.MySQLDialect
				hibernate.format_sql=true
				hibernate.show_sql=true
				hibernate.hbm2ddl.auto=update
			</value>
		</property>
	</bean>



	<!-- configure tx mgr bean -->
	<bean id="transactionManager"
		class="org.springframework.orm.hibernate4.HibernateTransactionManager"
		p:sessionFactory-ref="sessionFactory">
	</bean>

	<bean id="hibernateTemplate" class="org.springframework.orm.hibernate4.HibernateTemplate">
		<property name="sessionFactory" ref="sessionFactory"></property>
	</bean>

	<!-- enable tx annotation suuport -->
	<tx:annotation-driven />

</beans>
